StudentName,CoachName,TeamName,Date,ParentName,Email
Alex Johnson,Coach Bob,Tigers,3/1/25,Mary Johnson,yancmo@gmail.com
Emma Rodriguez,Coach Bob,Tigers,3/1/25,Carlos Rodriguez,yancmo@gmail.com
Liam Nguyen,Coach Bob,Tigers,3/1/25,Anh Nguyen,yancmo@gmail.com
Sophia Williams,Coach Bob,Tigers,3/1/25,Danielle Williams,yancmo@gmail.com
Noah Thompson,Coach Bob,Tigers,3/1/25,Eric Thompson,yancmo@gmail.com
Ava Martinez,Coach Bob,Tigers,3/1/25,Lucia Martinez,yancmo@gmail.com
Ethan Brown,Coach Bob,Tigers,3/1/25,Kevin Brown,yancmo@gmail.com
Olivia Davis,Coach Bob,Tigers,3/1/25,Sharon Davis,yancmo@gmail.com
Mason Lee,Coach Bob,Tigers,3/1/25,Grace Lee,yancmo@gmail.com
Isabella Clark,Coach Bob,Tigers,3/1/25,Matthew Clark,yancmo@gmail.com